{"filename": "pyntcloud_plot", "camera_position": [3.46295166015625, 1.1881695985794067, 0.5271643996238708], "look_at": [-0.16127672791481018, -0.001786159467883408, -0.008780746720731258], "point_size": 0.05, "point_opacity": 1.0, "line_color_list": [], "lines": []}