{"filename": "pyntcloud_plot", "camera_position": [3.4627745151519775, 1.2063908576965332, 0.5300772190093994], "look_at": [-0.13497382402420044, -0.005851886235177517, -0.010059029795229435], "point_size": 0.01, "point_opacity": 1.0, "line_color_list": [], "lines": []}