{"filename": "pyntcloud_plot", "camera_position": [195.30429077148438, 98.90132904052734, 110.55789947509766], "look_at": [1.7255752086639404, -3.4953606128692627, -0.25299420952796936], "point_size": 0.05, "point_opacity": 1.0, "line_color_list": [], "lines": []}